{
  "rho_max_1.1": {
    "n": 140,
    "omega_set": [
      1,
      2
    ],
    "fits": {
      "sqrt_omega": {
        "a": 0.8433000010552129,
        "b": -0.23769151957829598,
        "c": 0.12367706108774033,
        "rss": 1.0977638716155644,
        "aic": -672.771401797317,
        "bic": -663.9464745294891
      },
      "omega": {
        "a": 0.349306297586314,
        "b": -0.23769151957829437,
        "c": 0.6176707645566338,
        "rss": 1.0977638716155647,
        "aic": -672.771401797317,
        "bic": -663.9464745294891
      },
      "log_omega": {
        "a": 0.5039424632790602,
        "b": -0.23769151957829576,
        "c": 0.9669770621429524,
        "rss": 1.0977638716155642,
        "aic": -672.771401797317,
        "bic": -663.9464745294891
      },
      "omega_minus_1": {
        "a": 0.34930629758631465,
        "b": -0.2376915195782959,
        "c": 0.9669770621429529,
        "rss": 1.0977638716155644,
        "aic": -672.771401797317,
        "bic": -663.9464745294891
      },
      "sqrt_omega_minus_1": {
        "a": 0.34930629758631465,
        "b": -0.2376915195782959,
        "c": 0.9669770621429529,
        "rss": 1.0977638716155644,
        "aic": -672.771401797317,
        "bic": -663.9464745294891
      }
    }
  },
  "rho_max_1.5": {
    "n": 201,
    "omega_set": [
      1,
      2
    ],
    "fits": {
      "sqrt_omega": {
        "a": 0.9775502033649297,
        "b": -0.29129940494301143,
        "c": 0.1661761550358099,
        "rss": 2.927016279387408,
        "aic": -844.0935890378025,
        "bic": -834.1836743136253
      },
      "omega": {
        "a": 0.4049145521343308,
        "b": -0.2912994049430109,
        "c": 0.7388118062664069,
        "rss": 2.927016279387408,
        "aic": -844.0935890378025,
        "bic": -834.1836743136253
      },
      "log_omega": {
        "a": 0.5841682163479712,
        "b": -0.2912994049430089,
        "c": 1.1437263584007322,
        "rss": 2.927016279387408,
        "aic": -844.0935890378025,
        "bic": -834.1836743136253
      },
      "omega_minus_1": {
        "a": 0.40491455213432903,
        "b": -0.29129940494300927,
        "c": 1.1437263584007331,
        "rss": 2.9270162793874084,
        "aic": -844.0935890378025,
        "bic": -834.1836743136253
      },
      "sqrt_omega_minus_1": {
        "a": 0.40491455213432903,
        "b": -0.29129940494300927,
        "c": 1.1437263584007331,
        "rss": 2.9270162793874084,
        "aic": -844.0935890378025,
        "bic": -834.1836743136253
      }
    }
  },
  "rho_max_2.0": {
    "n": 277,
    "omega_set": [
      1,
      2
    ],
    "fits": {
      "sqrt_omega": {
        "a": 1.0919926965442552,
        "b": -0.25978946225260213,
        "c": -0.025445576741466455,
        "rss": 8.284826230138135,
        "aic": -966.1569367792976,
        "bic": -955.2848842607356
      },
      "omega": {
        "a": 0.45231818492099873,
        "b": -0.25978946225260313,
        "c": 0.6142289348817948,
        "rss": 8.284826230138137,
        "aic": -966.1569367792974,
        "bic": -955.2848842607355
      },
      "log_omega": {
        "a": 0.6525572022894192,
        "b": -0.25978946225259997,
        "c": 1.0665471198027816,
        "rss": 8.284826230138135,
        "aic": -966.1569367792976,
        "bic": -955.2848842607356
      },
      "omega_minus_1": {
        "a": 0.45231818492099674,
        "b": -0.2597894622525999,
        "c": 1.0665471198027816,
        "rss": 8.284826230138135,
        "aic": -966.1569367792976,
        "bic": -955.2848842607356
      },
      "sqrt_omega_minus_1": {
        "a": 0.45231818492099674,
        "b": -0.2597894622525999,
        "c": 1.0665471198027816,
        "rss": 8.284826230138135,
        "aic": -966.1569367792976,
        "bic": -955.2848842607356
      }
    }
  },
  "rho_max_3.0": {
    "n": 416,
    "omega_set": [
      1,
      2
    ],
    "fits": {
      "sqrt_omega": {
        "a": 1.33529465007643,
        "b": -0.27989721110700416,
        "c": -0.19284231989444273,
        "rss": 32.571132564308336,
        "aic": -1053.6596892246814,
        "bic": -1041.5676334438976
      },
      "omega": {
        "a": 0.5530971538258938,
        "b": -0.2798972111070059,
        "c": 0.5893551763560991,
        "rss": 32.57113256430833,
        "aic": -1053.6596892246814,
        "bic": -1041.5676334438976
      },
      "log_omega": {
        "a": 0.7979505209544184,
        "b": -0.27989721110700627,
        "c": 1.1424523301819927,
        "rss": 32.571132564308336,
        "aic": -1053.6596892246814,
        "bic": -1041.5676334438976
      },
      "omega_minus_1": {
        "a": 0.5530971538258946,
        "b": -0.27989721110700605,
        "c": 1.1424523301819924,
        "rss": 32.57113256430833,
        "aic": -1053.6596892246814,
        "bic": -1041.5676334438976
      },
      "sqrt_omega_minus_1": {
        "a": 0.5530971538258946,
        "b": -0.27989721110700605,
        "c": 1.1424523301819924,
        "rss": 32.57113256430833,
        "aic": -1053.6596892246814,
        "bic": -1041.5676334438976
      }
    }
  },
  "rho_max_4.0": {
    "n": 553,
    "omega_set": [
      1,
      2,
      3
    ],
    "fits": {
      "sqrt_omega": {
        "a": 1.6273181158394283,
        "b": -0.23177187949813244,
        "c": -0.6329047019689885,
        "rss": 86.54118278485565,
        "aic": -1019.6698924236687,
        "bic": -1006.7238184191017
      },
      "omega": {
        "a": 0.6791153840678261,
        "b": -0.23834817174695666,
        "c": 0.33026718289964874,
        "rss": 84.94550815329417,
        "aic": -1029.96146122871,
        "bic": -1017.0153872241431
      },
      "log_omega": {
        "a": 0.9636593157535638,
        "b": -0.22622756167781105,
        "c": 0.9831128618747145,
        "rss": 87.92119006587765,
        "aic": -1010.9211871193254,
        "bic": -997.9751131147584
      },
      "omega_minus_1": {
        "a": 0.6791153840678256,
        "b": -0.23834817174695672,
        "c": 1.0093825669674732,
        "rss": 84.94550815329418,
        "aic": -1029.9614612287098,
        "bic": -1017.0153872241428
      },
      "sqrt_omega_minus_1": {
        "a": 0.6605220358444841,
        "b": -0.2207554610710952,
        "c": 0.9729774847619259,
        "rss": 89.31001521818115,
        "aic": -1002.2541351849643,
        "bic": -989.3080611803973
      }
    }
  }
}