{
  "n": 124,
  "models": {
    "M_0": {
      "k": 0,
      "rss_w": 22.263707734644935,
      "aic": 140.94862131232114,
      "bic": 143.76890287792617,
      "params": {}
    },
    "M_4": {
      "k": 1,
      "rss_w": 1.5751281835387945,
      "aic": -185.48041263813758,
      "bic": -179.8398495069275,
      "params": {
        "alpha": 0.3716663925296289
      }
    },
    "M_2": {
      "k": 2,
      "rss_w": 1.3362113001415221,
      "aic": -203.8782184470085,
      "bic": -195.41737375019338,
      "params": {
        "alpha": 0.4227158099198053,
        "beta": 1.6412685982901412
      }
    },
    "M_1": {
      "k": 3,
      "rss_w": 0.9241828330713883,
      "aic": -247.59498199776738,
      "bic": -236.31385573534723,
      "params": {
        "a": 0.8648144916256364,
        "b": -0.2434030236072611,
        "c": 0.11600650536184998
      }
    },
    "M_1*": {
      "k": 2,
      "rss_w": 0.9336153043086897,
      "aic": -248.3358177641877,
      "bic": -239.8749730673726,
      "params": {
        "a": 0.8743212646049066,
        "b": -0.20848898380251366
      }
    },
    "M_3": {
      "k": 5,
      "rss_w": 0.3921374169915099,
      "aic": -349.8998833371248,
      "bic": -332.97819394349455,
      "params": {
        "alpha": 0.6860072077686019,
        "beta": 1.2428342220671447,
        "a": 0.577636910507936,
        "b": -0.19431324105888997,
        "c": 0.0862200459947014
      }
    }
  },
  "M_3_multistart": [
    [
      0.3921374169915099,
      [
        0.6860072077686019,
        1.2428342220671447,
        0.577636910507936,
        -0.19431324105888997,
        0.0862200459947014
      ]
    ],
    [
      0.39213741699151144,
      [
        0.6860072230187415,
        1.2428341938199916,
        0.5776369229739328,
        -0.19431324740852912,
        0.08622006230157916
      ]
    ],
    [
      0.39213741699151217,
      [
        0.6860072202144638,
        1.2428341967638374,
        0.5776369109475242,
        -0.19431323717779725,
        0.08622004224450916
      ]
    ],
    [
      0.39213741699151233,
      [
        0.6860072165986126,
        1.2428341881669005,
        0.5776369002866591,
        -0.19431324586830034,
        0.08622007917819824
      ]
    ],
    [
      0.3921374169915127,
      [
        0.6860072100807197,
        1.2428341872429476,
        0.5776369080433332,
        -0.19431323925686184,
        0.08622005140905441
      ]
    ],
    [
      0.3921374169915136,
      [
        0.6860072021378212,
        1.24283425049652,
        0.5776368894420532,
        -0.19431323608328943,
        0.08622005122159429
      ]
    ],
    [
      0.3921374169915394,
      [
        0.6860071858017334,
        1.242834268505117,
        0.5776369144633502,
        -0.19431319970623526,
        0.08621989001049488
      ]
    ]
  ],
  "dAIC": {
    "M1s-M2": -44.457599317179216,
    "M3-M1s": -101.56406557293707
  },
  "F_M1s_vs_M3": {
    "F": 54.773204323030704,
    "df1": 3,
    "df2": 119,
    "p": 1.1102230246251565e-16
  },
  "LR_M1s_vs_M3": {
    "chi2": 107.56406557293707,
    "df": 3,
    "p": 0.0
  }
}