{
  "n": 140,
  "M1_star": {
    "coefs": [
      0.8552045579436217,
      -0.20174032945673995
    ],
    "rss_w": 1.111406252329822,
    "loglik": 139.86974741025466,
    "aic": -273.7394948205093,
    "bic": -264.91456755268143,
    "k": 3
  },
  "M3": {
    "coefs": [
      0.6888619447683775,
      1.1667381824279544,
      0.5483010545540441,
      -0.1834422182427711,
      0.09907637530195271
    ],
    "rss_w": 0.48261363356549514,
    "loglik": 198.26129625056134,
    "aic": -384.5225925011227,
    "bic": -366.87273796546685,
    "k": 6
  },
  "nested_LR": {
    "stat": 116.78309768061337,
    "df": 3,
    "p_value": 0.0
  },
  "F_test": {
    "F": 58.630063215059856,
    "df1": 3,
    "df2": 135,
    "p_value": 0.0
  },
  "vuong": {
    "z": 7.394485849818658,
    "p_value": 1.41886502547095e-13,
    "mean_diff": 0.4170824917164763,
    "std_diff": 0.6673873876407976
  },
  "delta_ic": {
    "dAIC_M3_minus_M1s": -110.78309768061337,
    "dBIC_M3_minus_M1s": -101.95817041278542
  }
}